"DESCRIPTION","DURATION IN MS","NAME","PARENT SUITE","START TIME","STATUS","STOP TIME","SUB SUITE","SUITE","TEST CLASS","TEST METHOD"
"","921","ADDR-001 Shipping returns page opens","webkit","2026-06-05","passed","2026-06-05","Address and shipping coverage","address-shipping/addr-001-shipping-returns-page-opens.spec.js","",""
"","446","Add on - Customer Support and Information - INFO-009 About us page opens","chromium","2026-06-05","passed","2026-06-05","Add on - Customer Support and Information coverage","add-on-customer-support-and-information/add-on-customer-support-and-information-info-009-about-us-page-opens.spec.js","",""
"","921","USER-012 Login page provides register button for new user","webkit","2026-06-05","passed","2026-06-05","User profile coverage","user-profile/user-012-login-page-provides-register-button-for-new-user.spec.js","",""
"","1119","PROD-012 Smartphone product details are visible","webkit","2026-06-05","passed","2026-06-05","Product and search coverage","product/prod-012-smartphone-product-details-are-visible.spec.js","",""
"","418","PAY-002 Empty cart blocks checkout with empty cart message","chromium","2026-06-05","passed","2026-06-05","Checkout and payment coverage","checkout-payment/pay-002-empty-cart-blocks-checkout-with-empty-cart-message.spec.js","",""
"","744","USER-011 Register page shows password setup fields","firefox","2026-06-05","passed","2026-06-05","User profile coverage","user-profile/user-011-register-page-shows-password-setup-fields.spec.js","",""
"","437","Add on - Wishlist and Compare - WISH-009 New products page opens","chromium","2026-06-05","passed","2026-06-05","Add on - Wishlist and Compare coverage","add-on-wishlist-and-compare/add-on-wishlist-and-compare-wish-009-new-products-page-opens.spec.js","",""
"","2863","Add on - Customer Support and Information - INFO-002 Contact us page has full name field","webkit","2026-06-05","passed","2026-06-05","Add on - Customer Support and Information coverage","add-on-customer-support-and-information/add-on-customer-support-and-information-info-002-contact-us-page-has-full-name-field.spec.js","",""
"","1199","Add on - Customer Support and Information - INFO-015 Footer social links are visible","webkit","2026-06-05","passed","2026-06-05","Add on - Customer Support and Information coverage","add-on-customer-support-and-information/add-on-customer-support-and-information-info-015-footer-social-links-are-visible.spec.js","",""
"","1039","Add on - Wishlist and Compare - WISH-014 Compare products footer link is available","webkit","2026-06-05","passed","2026-06-05","Add on - Wishlist and Compare coverage","add-on-wishlist-and-compare/add-on-wishlist-and-compare-wish-014-compare-products-footer-link-is-available.spec.js","",""
"","828","USER-010 Register page shows email field","firefox","2026-06-05","passed","2026-06-05","User profile coverage","user-profile/user-010-register-page-shows-email-field.spec.js","",""
"","1146","ADDR-006 Health book product displays delivery date","webkit","2026-06-05","passed","2026-06-05","Address and shipping coverage","address-shipping/addr-006-health-book-product-displays-delivery-date.spec.js","",""
"","1197","Add on - Customer Support and Information - INFO-009 About us page opens","firefox","2026-06-05","passed","2026-06-05","Add on - Customer Support and Information coverage","add-on-customer-support-and-information/add-on-customer-support-and-information-info-009-about-us-page-opens.spec.js","",""
"","3039","Add on - Customer Support and Information - INFO-006 Sitemap page opens","webkit","2026-06-05","passed","2026-06-05","Add on - Customer Support and Information coverage","add-on-customer-support-and-information/add-on-customer-support-and-information-info-006-sitemap-page-opens.spec.js","",""
"","411","PAY-003 Cart page is available before checkout","chromium","2026-06-05","passed","2026-06-05","Checkout and payment coverage","checkout-payment/pay-003-cart-page-is-available-before-checkout.spec.js","",""
"","1009","USER-003 Addresses page requires login for guest","chromium","2026-06-05","passed","2026-06-05","User profile coverage","user-profile/user-003-addresses-page-requires-login-for-guest.spec.js","",""
"","568","Add on - Customer Support and Information - INFO-012 Footer information links are visible","chromium","2026-06-05","passed","2026-06-05","Add on - Customer Support and Information coverage","add-on-customer-support-and-information/add-on-customer-support-and-information-info-012-footer-information-links-are-visible.spec.js","",""
"","755","PAY-007 Gift card product has recipient name field","firefox","2026-06-05","passed","2026-06-05","Checkout and payment coverage","checkout-payment/pay-007-gift-card-product-has-recipient-name-field.spec.js","",""
"","972","ADDR-011 Shopping cart shows shipping step","webkit","2026-06-05","passed","2026-06-05","Address and shipping coverage","address-shipping/addr-011-shopping-cart-shows-shipping-step.spec.js","",""
"","845","AUTH-009 Register page shows gender choices","webkit","2026-06-05","passed","2026-06-05","Authentication coverage","authentication/auth-009-register-page-shows-gender-choices.spec.js","",""
"","880","Add on - Wishlist and Compare - WISH-002 Empty wishlist message is shown","webkit","2026-06-05","passed","2026-06-05","Add on - Wishlist and Compare coverage","add-on-wishlist-and-compare/add-on-wishlist-and-compare-wish-002-empty-wishlist-message-is-shown.spec.js","",""
"","335","CART-001 Empty cart page opens","chromium","2026-06-05","passed","2026-06-05","Cart coverage","cart/cart-001-empty-cart-page-opens.spec.js","",""
"","997","CART-003 Header shopping cart link is visible","firefox","2026-06-05","passed","2026-06-05","Cart coverage","cart/cart-003-header-shopping-cart-link-is-visible.spec.js","",""
"","532","PAY-008 Gift card product has recipient email field","chromium","2026-06-05","passed","2026-06-05","Checkout and payment coverage","checkout-payment/pay-008-gift-card-product-has-recipient-email-field.spec.js","",""
"","822","PROD-013 Book product page shows price and shipping text","webkit","2026-06-05","passed","2026-06-05","Product and search coverage","product/prod-013-book-product-page-shows-price-and-shipping-text.spec.js","",""
"","496","PROD-006 Apparel and shoes category shows products","chromium","2026-06-05","passed","2026-06-05","Product and search coverage","product/prod-006-apparel-and-shoes-category-shows-products.spec.js","",""
"","963","PAY-010 Gift card product has message field","firefox","2026-06-05","passed","2026-06-05","Checkout and payment coverage","checkout-payment/pay-010-gift-card-product-has-message-field.spec.js","",""
"","781","AUTH-011 Register page shows password fields","webkit","2026-06-05","passed","2026-06-05","Authentication coverage","authentication/auth-011-register-page-shows-password-fields.spec.js","",""
"","732","PROD-003 Books category shows product cards","webkit","2026-06-05","passed","2026-06-05","Product and search coverage","product/prod-003-books-category-shows-product-cards.spec.js","",""
"","486","PROD-010 Build your own computer product details are visible","chromium","2026-06-05","passed","2026-06-05","Product and search coverage","product/prod-010-build-your-own-computer-product-details-are-visible.spec.js","",""
"","742","CART-001 Empty cart page opens","webkit","2026-06-05","passed","2026-06-05","Cart coverage","cart/cart-001-empty-cart-page-opens.spec.js","",""
"","443","USER-013 Login page provides forgot password link","chromium","2026-06-05","passed","2026-06-05","User profile coverage","user-profile/user-013-login-page-provides-forgot-password-link.spec.js","",""
"","605","USER-001 My account page requires login for guest","chromium","2026-06-05","passed","2026-06-05","User profile coverage","user-profile/user-001-my-account-page-requires-login-for-guest.spec.js","",""
"","1000","Add on - Wishlist and Compare - WISH-014 Compare products footer link is available","firefox","2026-06-05","passed","2026-06-05","Add on - Wishlist and Compare coverage","add-on-wishlist-and-compare/add-on-wishlist-and-compare-wish-014-compare-products-footer-link-is-available.spec.js","",""
"","1250","PROD-012 Smartphone product details are visible","firefox","2026-06-05","passed","2026-06-05","Product and search coverage","product/prod-012-smartphone-product-details-are-visible.spec.js","",""
"","944","AUTH-008 Register page opens correctly","firefox","2026-06-05","passed","2026-06-05","Authentication coverage","authentication/auth-008-register-page-opens-correctly.spec.js","",""
"","548","PROD-012 Smartphone product details are visible","chromium","2026-06-05","passed","2026-06-05","Product and search coverage","product/prod-012-smartphone-product-details-are-visible.spec.js","",""
"","489","USER-015 Sitemap includes account links","chromium","2026-06-05","passed","2026-06-05","User profile coverage","user-profile/user-015-sitemap-includes-account-links.spec.js","",""
"","378","AUTH-010 Register page shows personal detail fields","chromium","2026-06-05","passed","2026-06-05","Authentication coverage","authentication/auth-010-register-page-shows-personal-detail-fields.spec.js","",""
"","554","PAY-001 Empty cart keeps user on shopping cart page","webkit","2026-06-05","passed","2026-06-05","Checkout and payment coverage","checkout-payment/pay-001-empty-cart-keeps-user-on-shopping-cart-page.spec.js","",""
"","1216","PROD-011 Laptop product details are visible","firefox","2026-06-05","passed","2026-06-05","Product and search coverage","product/prod-011-laptop-product-details-are-visible.spec.js","",""
"","858","AUTH-002 Login page shows email and password fields","webkit","2026-06-05","passed","2026-06-05","Authentication coverage","authentication/auth-002-login-page-shows-email-and-password-fields.spec.js","",""
"","870","CART-005 Book product has add to cart controls","firefox","2026-06-05","passed","2026-06-05","Cart coverage","cart/cart-005-book-product-has-add-to-cart-controls.spec.js","",""
"","673","PAY-015 Smartphone product shows price information","webkit","2026-06-05","passed","2026-06-05","Checkout and payment coverage","checkout-payment/pay-015-smartphone-product-shows-price-information.spec.js","",""
"","421","CART-013 Cart page shows information footer links","chromium","2026-06-05","passed","2026-06-05","Cart coverage","cart/cart-013-cart-page-shows-information-footer-links.spec.js","",""
"","386","ADDR-013 Sitemap includes shipping returns link","chromium","2026-06-05","passed","2026-06-05","Address and shipping coverage","address-shipping/addr-013-sitemap-includes-shipping-returns-link.spec.js","",""
"","1240","PROD-004 Computers category shows subcategories","firefox","2026-06-05","passed","2026-06-05","Product and search coverage","product/prod-004-computers-category-shows-subcategories.spec.js","",""
"","1072","AUTH-001 Login page opens with correct title and heading","firefox","2026-06-05","passed","2026-06-05","Authentication coverage","authentication/auth-001-login-page-opens-with-correct-title-and-heading.spec.js","",""
"","882","AUTH-003 Login page shows login button","webkit","2026-06-05","passed","2026-06-05","Authentication coverage","authentication/auth-003-login-page-shows-login-button.spec.js","",""
"","664","PAY-008 Gift card product has recipient email field","firefox","2026-06-05","passed","2026-06-05","Checkout and payment coverage","checkout-payment/pay-008-gift-card-product-has-recipient-email-field.spec.js","",""
"","999","Add on - Wishlist and Compare - WISH-007 Compare products page opens","webkit","2026-06-05","passed","2026-06-05","Add on - Wishlist and Compare coverage","add-on-wishlist-and-compare/add-on-wishlist-and-compare-wish-007-compare-products-page-opens.spec.js","",""
"","836","PAY-013 Book product shows price information","webkit","2026-06-05","passed","2026-06-05","Checkout and payment coverage","checkout-payment/pay-013-book-product-shows-price-information.spec.js","",""
"","912","CART-002 Empty cart message is shown","firefox","2026-06-05","passed","2026-06-05","Cart coverage","cart/cart-002-empty-cart-message-is-shown.spec.js","",""
"","600","USER-013 Login page provides forgot password link","webkit","2026-06-05","passed","2026-06-05","User profile coverage","user-profile/user-013-login-page-provides-forgot-password-link.spec.js","",""
"","1083","AUTH-014 Protected orders page redirects guest user to login","webkit","2026-06-05","passed","2026-06-05","Authentication coverage","authentication/auth-014-protected-orders-page-redirects-guest-user-to-login.spec.js","",""
"","1302","ADDR-006 Health book product displays delivery date","firefox","2026-06-05","passed","2026-06-05","Address and shipping coverage","address-shipping/addr-006-health-book-product-displays-delivery-date.spec.js","",""
"","432","CART-012 Cart page shows order progress steps","chromium","2026-06-05","passed","2026-06-05","Cart coverage","cart/cart-012-cart-page-shows-order-progress-steps.spec.js","",""
"","383","AUTH-004 Login page shows remember me and forgot password options","chromium","2026-06-05","passed","2026-06-05","Authentication coverage","authentication/auth-004-login-page-shows-remember-me-and-forgot-password-options.spec.js","",""
"","595","USER-014 Password recovery page supports account recovery","firefox","2026-06-05","passed","2026-06-05","User profile coverage","user-profile/user-014-password-recovery-page-supports-account-recovery.spec.js","",""
"","1014","Add on - Wishlist and Compare - WISH-006 Laptop product has compare button","firefox","2026-06-05","passed","2026-06-05","Add on - Wishlist and Compare coverage","add-on-wishlist-and-compare/add-on-wishlist-and-compare-wish-006-laptop-product-has-compare-button.spec.js","",""
"","1189","PROD-015 Search page returns computer products","firefox","2026-06-05","passed","2026-06-05","Product and search coverage","product/prod-015-search-page-returns-computer-products.spec.js","",""
"","928","PROD-002 Top navigation exposes catalog categories","firefox","2026-06-05","passed","2026-06-05","Product and search coverage","product/prod-002-top-navigation-exposes-catalog-categories.spec.js","",""
"","686","AUTH-015 Header exposes login and register links","webkit","2026-06-05","passed","2026-06-05","Authentication coverage","authentication/auth-015-header-exposes-login-and-register-links.spec.js","",""
"","852","Add on - Wishlist and Compare - WISH-008 Recently viewed products page opens","firefox","2026-06-05","passed","2026-06-05","Add on - Wishlist and Compare coverage","add-on-wishlist-and-compare/add-on-wishlist-and-compare-wish-008-recently-viewed-products-page-opens.spec.js","",""
"","1006","PROD-006 Apparel and shoes category shows products","firefox","2026-06-05","passed","2026-06-05","Product and search coverage","product/prod-006-apparel-and-shoes-category-shows-products.spec.js","",""
"","388","ADDR-010 Shopping cart shows address step","chromium","2026-06-05","passed","2026-06-05","Address and shipping coverage","address-shipping/addr-010-shopping-cart-shows-address-step.spec.js","",""
"","1205","Add on - Wishlist and Compare - WISH-006 Laptop product has compare button","webkit","2026-06-05","passed","2026-06-05","Add on - Wishlist and Compare coverage","add-on-wishlist-and-compare/add-on-wishlist-and-compare-wish-006-laptop-product-has-compare-button.spec.js","",""
"","432","USER-012 Login page provides register button for new user","chromium","2026-06-05","passed","2026-06-05","User profile coverage","user-profile/user-012-login-page-provides-register-button-for-new-user.spec.js","",""
"","904","CART-008 Gift card product has add to cart controls","firefox","2026-06-05","passed","2026-06-05","Cart coverage","cart/cart-008-gift-card-product-has-add-to-cart-controls.spec.js","",""
"","846","Add on - Wishlist and Compare - WISH-013 Email a friend form has message and send button","webkit","2026-06-05","passed","2026-06-05","Add on - Wishlist and Compare coverage","add-on-wishlist-and-compare/add-on-wishlist-and-compare-wish-013-email-a-friend-form-has-message-and-send-button.spec.js","",""
"","409","USER-010 Register page shows email field","chromium","2026-06-05","passed","2026-06-05","User profile coverage","user-profile/user-010-register-page-shows-email-field.spec.js","",""
"","453","PROD-007 Digital downloads category opens","chromium","2026-06-05","passed","2026-06-05","Product and search coverage","product/prod-007-digital-downloads-category-opens.spec.js","",""
"","649","ADDR-009 Blue jeans product shows in stock availability","chromium","2026-06-05","passed","2026-06-05","Address and shipping coverage","address-shipping/addr-009-blue-jeans-product-shows-in-stock-availability.spec.js","",""
"","375","USER-004 Login page supports returning customer section","chromium","2026-06-05","passed","2026-06-05","User profile coverage","user-profile/user-004-login-page-supports-returning-customer-section.spec.js","",""
"","757","PAY-012 Gift card product shows fixed price","webkit","2026-06-05","passed","2026-06-05","Checkout and payment coverage","checkout-payment/pay-012-gift-card-product-shows-fixed-price.spec.js","",""
"","2596","Add on - Customer Support and Information - INFO-004 Contact us page has enquiry textarea","firefox","2026-06-05","passed","2026-06-05","Add on - Customer Support and Information coverage","add-on-customer-support-and-information/add-on-customer-support-and-information-info-004-contact-us-page-has-enquiry-textarea.spec.js","",""
"","1449","Add on - Wishlist and Compare - WISH-009 New products page opens","webkit","2026-06-05","passed","2026-06-05","Add on - Wishlist and Compare coverage","add-on-wishlist-and-compare/add-on-wishlist-and-compare-wish-009-new-products-page-opens.spec.js","",""
"","530","PAY-013 Book product shows price information","chromium","2026-06-05","passed","2026-06-05","Checkout and payment coverage","checkout-payment/pay-013-book-product-shows-price-information.spec.js","",""
"","431","PAY-006 Cart page shows complete step","chromium","2026-06-05","passed","2026-06-05","Checkout and payment coverage","checkout-payment/pay-006-cart-page-shows-complete-step.spec.js","",""
"","997","ADDR-005 Science product displays free shipping","firefox","2026-06-05","passed","2026-06-05","Address and shipping coverage","address-shipping/addr-005-science-product-displays-free-shipping.spec.js","",""
"","398","CART-015 Cart page has checkout journey labels","chromium","2026-06-05","passed","2026-06-05","Cart coverage","cart/cart-015-cart-page-has-checkout-journey-labels.spec.js","",""
"","952","PAY-011 Gift card product has add to cart button","firefox","2026-06-05","passed","2026-06-05","Checkout and payment coverage","checkout-payment/pay-011-gift-card-product-has-add-to-cart-button.spec.js","",""
"","920","AUTH-004 Login page shows remember me and forgot password options","firefox","2026-06-05","passed","2026-06-05","Authentication coverage","authentication/auth-004-login-page-shows-remember-me-and-forgot-password-options.spec.js","",""
"","585","Add on - Customer Support and Information - INFO-013 Footer customer service links are visible","chromium","2026-06-05","passed","2026-06-05","Add on - Customer Support and Information coverage","add-on-customer-support-and-information/add-on-customer-support-and-information-info-013-footer-customer-service-links-are-visible.spec.js","",""
"","873","PAY-014 Laptop product shows price information","webkit","2026-06-05","passed","2026-06-05","Checkout and payment coverage","checkout-payment/pay-014-laptop-product-shows-price-information.spec.js","",""
"","1006","USER-005 Footer exposes my account link","firefox","2026-06-05","passed","2026-06-05","User profile coverage","user-profile/user-005-footer-exposes-my-account-link.spec.js","",""
"","946","ADDR-003 Guest addresses page redirects to login","webkit","2026-06-05","passed","2026-06-05","Address and shipping coverage","address-shipping/addr-003-guest-addresses-page-redirects-to-login.spec.js","",""
"","675","PAY-006 Cart page shows complete step","firefox","2026-06-05","passed","2026-06-05","Checkout and payment coverage","checkout-payment/pay-006-cart-page-shows-complete-step.spec.js","",""
"","641","CART-011 Cart page still shows search controls","webkit","2026-06-05","passed","2026-06-05","Cart coverage","cart/cart-011-cart-page-still-shows-search-controls.spec.js","",""
"","1445","ADDR-015 Shipping page keeps information links available","webkit","2026-06-05","passed","2026-06-05","Address and shipping coverage","address-shipping/addr-015-shipping-page-keeps-information-links-available.spec.js","",""
"","428","Add on - Customer Support and Information - INFO-007 Privacy notice page opens","chromium","2026-06-05","passed","2026-06-05","Add on - Customer Support and Information coverage","add-on-customer-support-and-information/add-on-customer-support-and-information-info-007-privacy-notice-page-opens.spec.js","",""
"","494","PROD-005 Electronics category shows subcategories","chromium","2026-06-05","passed","2026-06-05","Product and search coverage","product/prod-005-electronics-category-shows-subcategories.spec.js","",""
"","1260","Add on - Wishlist and Compare - WISH-004 Gift card product has wishlist button","webkit","2026-06-05","passed","2026-06-05","Add on - Wishlist and Compare coverage","add-on-wishlist-and-compare/add-on-wishlist-and-compare-wish-004-gift-card-product-has-wishlist-button.spec.js","",""
"","622","USER-005 Footer exposes my account link","webkit","2026-06-05","passed","2026-06-05","User profile coverage","user-profile/user-005-footer-exposes-my-account-link.spec.js","",""
"","1663","Add on - Wishlist and Compare - WISH-005 Computer product has compare button","webkit","2026-06-05","passed","2026-06-05","Add on - Wishlist and Compare coverage","add-on-wishlist-and-compare/add-on-wishlist-and-compare-wish-005-computer-product-has-compare-button.spec.js","",""
"","899","AUTH-007 Password recovery page has email field and recover button","firefox","2026-06-05","passed","2026-06-05","Authentication coverage","authentication/auth-007-password-recovery-page-has-email-field-and-recover-button.spec.js","",""
"","595","USER-003 Addresses page requires login for guest","webkit","2026-06-05","passed","2026-06-05","User profile coverage","user-profile/user-003-addresses-page-requires-login-for-guest.spec.js","",""
"","1601","Add on - Customer Support and Information - INFO-008 Conditions of use page opens","firefox","2026-06-05","passed","2026-06-05","Add on - Customer Support and Information coverage","add-on-customer-support-and-information/add-on-customer-support-and-information-info-008-conditions-of-use-page-opens.spec.js","",""
"","1159","ADDR-008 Smartphone product shows in stock availability","webkit","2026-06-05","passed","2026-06-05","Address and shipping coverage","address-shipping/addr-008-smartphone-product-shows-in-stock-availability.spec.js","",""
"","872","ADDR-014 Cart page has checkout progress section","firefox","2026-06-05","passed","2026-06-05","Address and shipping coverage","address-shipping/addr-014-cart-page-has-checkout-progress-section.spec.js","",""
"","1346","Add on - Customer Support and Information - INFO-007 Privacy notice page opens","firefox","2026-06-05","passed","2026-06-05","Add on - Customer Support and Information coverage","add-on-customer-support-and-information/add-on-customer-support-and-information-info-007-privacy-notice-page-opens.spec.js","",""
"","1223","ADDR-014 Cart page has checkout progress section","webkit","2026-06-05","passed","2026-06-05","Address and shipping coverage","address-shipping/addr-014-cart-page-has-checkout-progress-section.spec.js","",""
"","1461","ADDR-004 Book product displays free shipping","firefox","2026-06-05","passed","2026-06-05","Address and shipping coverage","address-shipping/addr-004-book-product-displays-free-shipping.spec.js","",""
"","431","Add on - Customer Support and Information - INFO-008 Conditions of use page opens","chromium","2026-06-05","passed","2026-06-05","Add on - Customer Support and Information coverage","add-on-customer-support-and-information/add-on-customer-support-and-information-info-008-conditions-of-use-page-opens.spec.js","",""
"","773","USER-001 My account page requires login for guest","firefox","2026-06-05","passed","2026-06-05","User profile coverage","user-profile/user-001-my-account-page-requires-login-for-guest.spec.js","",""
"","737","PAY-004 Cart page shows payment step","firefox","2026-06-05","passed","2026-06-05","Checkout and payment coverage","checkout-payment/pay-004-cart-page-shows-payment-step.spec.js","",""
"","1318","CART-004 Cart footer link is visible","webkit","2026-06-05","passed","2026-06-05","Cart coverage","cart/cart-004-cart-footer-link-is-visible.spec.js","",""
"","2049","ADDR-009 Blue jeans product shows in stock availability","webkit","2026-06-05","passed","2026-06-05","Address and shipping coverage","address-shipping/addr-009-blue-jeans-product-shows-in-stock-availability.spec.js","",""
"","685","USER-009 Register page shows personal details fields","webkit","2026-06-05","passed","2026-06-05","User profile coverage","user-profile/user-009-register-page-shows-personal-details-fields.spec.js","",""
"","493","PAY-009 Gift card product has sender fields","chromium","2026-06-05","passed","2026-06-05","Checkout and payment coverage","checkout-payment/pay-009-gift-card-product-has-sender-fields.spec.js","",""
"","1142","Add on - Customer Support and Information - INFO-012 Footer information links are visible","firefox","2026-06-05","passed","2026-06-05","Add on - Customer Support and Information coverage","add-on-customer-support-and-information/add-on-customer-support-and-information-info-012-footer-information-links-are-visible.spec.js","",""
"","428","USER-014 Password recovery page supports account recovery","chromium","2026-06-05","passed","2026-06-05","User profile coverage","user-profile/user-014-password-recovery-page-supports-account-recovery.spec.js","",""
"","369","ADDR-011 Shopping cart shows shipping step","chromium","2026-06-05","passed","2026-06-05","Address and shipping coverage","address-shipping/addr-011-shopping-cart-shows-shipping-step.spec.js","",""
"","653","PAY-001 Empty cart keeps user on shopping cart page","firefox","2026-06-05","passed","2026-06-05","Checkout and payment coverage","checkout-payment/pay-001-empty-cart-keeps-user-on-shopping-cart-page.spec.js","",""
"","394","PAY-004 Cart page shows payment step","chromium","2026-06-05","passed","2026-06-05","Checkout and payment coverage","checkout-payment/pay-004-cart-page-shows-payment-step.spec.js","",""
"","741","PROD-005 Electronics category shows subcategories","webkit","2026-06-05","passed","2026-06-05","Product and search coverage","product/prod-005-electronics-category-shows-subcategories.spec.js","",""
"","675","PROD-015 Search page returns computer products","chromium","2026-06-05","passed","2026-06-05","Product and search coverage","product/prod-015-search-page-returns-computer-products.spec.js","",""
"","1239","PAY-014 Laptop product shows price information","firefox","2026-06-05","passed","2026-06-05","Checkout and payment coverage","checkout-payment/pay-014-laptop-product-shows-price-information.spec.js","",""
"","501","USER-009 Register page shows personal details fields","chromium","2026-06-05","passed","2026-06-05","User profile coverage","user-profile/user-009-register-page-shows-personal-details-fields.spec.js","",""
"","1056","CART-007 Computer product has add to cart controls","firefox","2026-06-05","passed","2026-06-05","Cart coverage","cart/cart-007-computer-product-has-add-to-cart-controls.spec.js","",""
"","612","AUTH-012 Register button is available","webkit","2026-06-05","passed","2026-06-05","Authentication coverage","authentication/auth-012-register-button-is-available.spec.js","",""
"","1153","Add on - Customer Support and Information - INFO-014 Newsletter subscription controls are visible","webkit","2026-06-05","passed","2026-06-05","Add on - Customer Support and Information coverage","add-on-customer-support-and-information/add-on-customer-support-and-information-info-014-newsletter-subscription-controls-are-visible.spec.js","",""
"","368","AUTH-011 Register page shows password fields","chromium","2026-06-05","passed","2026-06-05","Authentication coverage","authentication/auth-011-register-page-shows-password-fields.spec.js","",""
"","914","USER-007 Footer exposes addresses link","webkit","2026-06-05","passed","2026-06-05","User profile coverage","user-profile/user-007-footer-exposes-addresses-link.spec.js","",""
"","974","USER-012 Login page provides register button for new user","firefox","2026-06-05","passed","2026-06-05","User profile coverage","user-profile/user-012-login-page-provides-register-button-for-new-user.spec.js","",""
"","535","PAY-006 Cart page shows complete step","webkit","2026-06-05","passed","2026-06-05","Checkout and payment coverage","checkout-payment/pay-006-cart-page-shows-complete-step.spec.js","",""
"","502","USER-010 Register page shows email field","webkit","2026-06-05","passed","2026-06-05","User profile coverage","user-profile/user-010-register-page-shows-email-field.spec.js","",""
"","477","AUTH-015 Header exposes login and register links","chromium","2026-06-05","passed","2026-06-05","Authentication coverage","authentication/auth-015-header-exposes-login-and-register-links.spec.js","",""
"","957","PAY-003 Cart page is available before checkout","firefox","2026-06-05","passed","2026-06-05","Checkout and payment coverage","checkout-payment/pay-003-cart-page-is-available-before-checkout.spec.js","",""
"","1108","ADDR-008 Smartphone product shows in stock availability","firefox","2026-06-05","passed","2026-06-05","Address and shipping coverage","address-shipping/addr-008-smartphone-product-shows-in-stock-availability.spec.js","",""
"","616","PAY-002 Empty cart blocks checkout with empty cart message","webkit","2026-06-05","passed","2026-06-05","Checkout and payment coverage","checkout-payment/pay-002-empty-cart-blocks-checkout-with-empty-cart-message.spec.js","",""
"","893","CART-004 Cart footer link is visible","firefox","2026-06-05","passed","2026-06-05","Cart coverage","cart/cart-004-cart-footer-link-is-visible.spec.js","",""
"","842","AUTH-011 Register page shows password fields","firefox","2026-06-05","passed","2026-06-05","Authentication coverage","authentication/auth-011-register-page-shows-password-fields.spec.js","",""
"","1251","ADDR-008 Smartphone product shows in stock availability","chromium","2026-06-05","passed","2026-06-05","Address and shipping coverage","address-shipping/addr-008-smartphone-product-shows-in-stock-availability.spec.js","",""
"","745","PAY-005 Cart page shows confirm step","firefox","2026-06-05","passed","2026-06-05","Checkout and payment coverage","checkout-payment/pay-005-cart-page-shows-confirm-step.spec.js","",""
"","1010","AUTH-005 Login page shows registration option for new customer","firefox","2026-06-05","passed","2026-06-05","Authentication coverage","authentication/auth-005-login-page-shows-registration-option-for-new-customer.spec.js","",""
"","891","AUTH-008 Register page opens correctly","webkit","2026-06-05","passed","2026-06-05","Authentication coverage","authentication/auth-008-register-page-opens-correctly.spec.js","",""
"","691","PAY-010 Gift card product has message field","chromium","2026-06-05","passed","2026-06-05","Checkout and payment coverage","checkout-payment/pay-010-gift-card-product-has-message-field.spec.js","",""
"","790","PROD-014 Category page has sort and page size controls","firefox","2026-06-05","passed","2026-06-05","Product and search coverage","product/prod-014-category-page-has-sort-and-page-size-controls.spec.js","",""
"","1184","Add on - Customer Support and Information - INFO-015 Footer social links are visible","firefox","2026-06-05","passed","2026-06-05","Add on - Customer Support and Information coverage","add-on-customer-support-and-information/add-on-customer-support-and-information-info-015-footer-social-links-are-visible.spec.js","",""
"","1279","Add on - Wishlist and Compare - WISH-003 Header wishlist link is visible","webkit","2026-06-05","passed","2026-06-05","Add on - Wishlist and Compare coverage","add-on-wishlist-and-compare/add-on-wishlist-and-compare-wish-003-header-wishlist-link-is-visible.spec.js","",""
"","386","AUTH-012 Register button is available","chromium","2026-06-05","passed","2026-06-05","Authentication coverage","authentication/auth-012-register-button-is-available.spec.js","",""
"","463","PROD-004 Computers category shows subcategories","chromium","2026-06-05","passed","2026-06-05","Product and search coverage","product/prod-004-computers-category-shows-subcategories.spec.js","",""
"","1017","CART-006 Laptop product has add to cart controls","firefox","2026-06-05","passed","2026-06-05","Cart coverage","cart/cart-006-laptop-product-has-add-to-cart-controls.spec.js","",""
"","527","Add on - Wishlist and Compare - WISH-015 Wishlist footer link is available","chromium","2026-06-05","passed","2026-06-05","Add on - Wishlist and Compare coverage","add-on-wishlist-and-compare/add-on-wishlist-and-compare-wish-015-wishlist-footer-link-is-available.spec.js","",""
"","2909","Add on - Customer Support and Information - INFO-005 Contact us page has submit button","webkit","2026-06-05","passed","2026-06-05","Add on - Customer Support and Information coverage","add-on-customer-support-and-information/add-on-customer-support-and-information-info-005-contact-us-page-has-submit-button.spec.js","",""
"","755","ADDR-001 Shipping returns page opens","firefox","2026-06-05","passed","2026-06-05","Address and shipping coverage","address-shipping/addr-001-shipping-returns-page-opens.spec.js","",""
"","1259","Add on - Customer Support and Information - INFO-013 Footer customer service links are visible","webkit","2026-06-05","passed","2026-06-05","Add on - Customer Support and Information coverage","add-on-customer-support-and-information/add-on-customer-support-and-information-info-013-footer-customer-service-links-are-visible.spec.js","",""
"","895","USER-003 Addresses page requires login for guest","firefox","2026-06-05","passed","2026-06-05","User profile coverage","user-profile/user-003-addresses-page-requires-login-for-guest.spec.js","",""
"","704","PAY-008 Gift card product has recipient email field","webkit","2026-06-05","passed","2026-06-05","Checkout and payment coverage","checkout-payment/pay-008-gift-card-product-has-recipient-email-field.spec.js","",""
"","816","PAY-010 Gift card product has message field","webkit","2026-06-05","passed","2026-06-05","Checkout and payment coverage","checkout-payment/pay-010-gift-card-product-has-message-field.spec.js","",""
"","461","PAY-007 Gift card product has recipient name field","chromium","2026-06-05","passed","2026-06-05","Checkout and payment coverage","checkout-payment/pay-007-gift-card-product-has-recipient-name-field.spec.js","",""
"","2390","Add on - Customer Support and Information - INFO-006 Sitemap page opens","firefox","2026-06-05","passed","2026-06-05","Add on - Customer Support and Information coverage","add-on-customer-support-and-information/add-on-customer-support-and-information-info-006-sitemap-page-opens.spec.js","",""
"","416","CART-006 Laptop product has add to cart controls","chromium","2026-06-05","passed","2026-06-05","Cart coverage","cart/cart-006-laptop-product-has-add-to-cart-controls.spec.js","",""
"","984","Add on - Wishlist and Compare - WISH-004 Gift card product has wishlist button","firefox","2026-06-05","passed","2026-06-05","Add on - Wishlist and Compare coverage","add-on-wishlist-and-compare/add-on-wishlist-and-compare-wish-004-gift-card-product-has-wishlist-button.spec.js","",""
"","775","AUTH-006 Password recovery page opens correctly","firefox","2026-06-05","passed","2026-06-05","Authentication coverage","authentication/auth-006-password-recovery-page-opens-correctly.spec.js","",""
"","1326","Add on - Customer Support and Information - INFO-009 About us page opens","webkit","2026-06-05","passed","2026-06-05","Add on - Customer Support and Information coverage","add-on-customer-support-and-information/add-on-customer-support-and-information-info-009-about-us-page-opens.spec.js","",""
"","1041","ADDR-011 Shopping cart shows shipping step","firefox","2026-06-05","passed","2026-06-05","Address and shipping coverage","address-shipping/addr-011-shopping-cart-shows-shipping-step.spec.js","",""
"","477","Add on - Customer Support and Information - INFO-010 News page opens","chromium","2026-06-05","passed","2026-06-05","Add on - Customer Support and Information coverage","add-on-customer-support-and-information/add-on-customer-support-and-information-info-010-news-page-opens.spec.js","",""
"","651","PROD-009 Gift cards category opens with products","webkit","2026-06-05","passed","2026-06-05","Product and search coverage","product/prod-009-gift-cards-category-opens-with-products.spec.js","",""
"","382","AUTH-005 Login page shows registration option for new customer","chromium","2026-06-05","passed","2026-06-05","Authentication coverage","authentication/auth-005-login-page-shows-registration-option-for-new-customer.spec.js","",""
"","895","CART-010 Jewelry product has cart controls","firefox","2026-06-05","passed","2026-06-05","Cart coverage","cart/cart-010-jewelry-product-has-cart-controls.spec.js","",""
"","1518","PROD-001 Home page shows welcome content and featured products","firefox","2026-06-05","passed","2026-06-05","Product and search coverage","product/prod-001-home-page-shows-welcome-content-and-featured-products.spec.js","",""
"","395","Add on - Wishlist and Compare - WISH-008 Recently viewed products page opens","chromium","2026-06-05","passed","2026-06-05","Add on - Wishlist and Compare coverage","add-on-wishlist-and-compare/add-on-wishlist-and-compare-wish-008-recently-viewed-products-page-opens.spec.js","",""
"","425","USER-005 Footer exposes my account link","chromium","2026-06-05","passed","2026-06-05","User profile coverage","user-profile/user-005-footer-exposes-my-account-link.spec.js","",""
"","2876","Add on - Customer Support and Information - INFO-004 Contact us page has enquiry textarea","webkit","2026-06-05","passed","2026-06-05","Add on - Customer Support and Information coverage","add-on-customer-support-and-information/add-on-customer-support-and-information-info-004-contact-us-page-has-enquiry-textarea.spec.js","",""
"","808","ADDR-010 Shopping cart shows address step","firefox","2026-06-05","passed","2026-06-05","Address and shipping coverage","address-shipping/addr-010-shopping-cart-shows-address-step.spec.js","",""
"","757","AUTH-010 Register page shows personal detail fields","webkit","2026-06-05","passed","2026-06-05","Authentication coverage","authentication/auth-010-register-page-shows-personal-detail-fields.spec.js","",""
"","669","PROD-007 Digital downloads category opens","firefox","2026-06-05","passed","2026-06-05","Product and search coverage","product/prod-007-digital-downloads-category-opens.spec.js","",""
"","464","USER-011 Register page shows password setup fields","chromium","2026-06-05","passed","2026-06-05","User profile coverage","user-profile/user-011-register-page-shows-password-setup-fields.spec.js","",""
"","2820","Add on - Customer Support and Information - INFO-003 Contact us page has email field","firefox","2026-06-05","passed","2026-06-05","Add on - Customer Support and Information coverage","add-on-customer-support-and-information/add-on-customer-support-and-information-info-003-contact-us-page-has-email-field.spec.js","",""
"","1145","CART-010 Jewelry product has cart controls","chromium","2026-06-05","passed","2026-06-05","Cart coverage","cart/cart-010-jewelry-product-has-cart-controls.spec.js","",""
"","562","CART-007 Computer product has add to cart controls","chromium","2026-06-05","passed","2026-06-05","Cart coverage","cart/cart-007-computer-product-has-add-to-cart-controls.spec.js","",""
"","831","PROD-001 Home page shows welcome content and featured products","webkit","2026-06-05","passed","2026-06-05","Product and search coverage","product/prod-001-home-page-shows-welcome-content-and-featured-products.spec.js","",""
"","1259","ADDR-007 Laptop product shows in stock availability","firefox","2026-06-05","passed","2026-06-05","Address and shipping coverage","address-shipping/addr-007-laptop-product-shows-in-stock-availability.spec.js","",""
"","625","USER-015 Sitemap includes account links","webkit","2026-06-05","passed","2026-06-05","User profile coverage","user-profile/user-015-sitemap-includes-account-links.spec.js","",""
"","494","CART-009 Apparel product has cart controls","chromium","2026-06-05","passed","2026-06-05","Cart coverage","cart/cart-009-apparel-product-has-cart-controls.spec.js","",""
"","384","AUTH-001 Login page opens with correct title and heading","chromium","2026-06-05","passed","2026-06-05","Authentication coverage","authentication/auth-001-login-page-opens-with-correct-title-and-heading.spec.js","",""
"","532","USER-007 Footer exposes addresses link","chromium","2026-06-05","passed","2026-06-05","User profile coverage","user-profile/user-007-footer-exposes-addresses-link.spec.js","",""
"","1484","Add on - Wishlist and Compare - WISH-010 Product page exposes email a friend action","chromium","2026-06-05","passed","2026-06-05","Add on - Wishlist and Compare coverage","add-on-wishlist-and-compare/add-on-wishlist-and-compare-wish-010-product-page-exposes-email-a-friend-action.spec.js","",""
"","978","PROD-007 Digital downloads category opens","webkit","2026-06-05","passed","2026-06-05","Product and search coverage","product/prod-007-digital-downloads-category-opens.spec.js","",""
"","609","PAY-003 Cart page is available before checkout","webkit","2026-06-05","passed","2026-06-05","Checkout and payment coverage","checkout-payment/pay-003-cart-page-is-available-before-checkout.spec.js","",""
"","787","PROD-002 Top navigation exposes catalog categories","webkit","2026-06-05","passed","2026-06-05","Product and search coverage","product/prod-002-top-navigation-exposes-catalog-categories.spec.js","",""
"","958","Add on - Customer Support and Information - INFO-014 Newsletter subscription controls are visible","firefox","2026-06-05","passed","2026-06-05","Add on - Customer Support and Information coverage","add-on-customer-support-and-information/add-on-customer-support-and-information-info-014-newsletter-subscription-controls-are-visible.spec.js","",""
"","873","CART-010 Jewelry product has cart controls","webkit","2026-06-05","passed","2026-06-05","Cart coverage","cart/cart-010-jewelry-product-has-cart-controls.spec.js","",""
"","1239","ADDR-002 Shipping returns page has customer service context","webkit","2026-06-05","passed","2026-06-05","Address and shipping coverage","address-shipping/addr-002-shipping-returns-page-has-customer-service-context.spec.js","",""
"","509","PROD-003 Books category shows product cards","chromium","2026-06-05","passed","2026-06-05","Product and search coverage","product/prod-003-books-category-shows-product-cards.spec.js","",""
"","370","Add on - Wishlist and Compare - WISH-012 Email a friend form has friend email field","chromium","2026-06-05","passed","2026-06-05","Add on - Wishlist and Compare coverage","add-on-wishlist-and-compare/add-on-wishlist-and-compare-wish-012-email-a-friend-form-has-friend-email-field.spec.js","",""
"","570","CART-014 Cart page keeps footer follow links available","webkit","2026-06-05","passed","2026-06-05","Cart coverage","cart/cart-014-cart-page-keeps-footer-follow-links-available.spec.js","",""
"","2169","Add on - Customer Support and Information - INFO-006 Sitemap page opens","chromium","2026-06-05","passed","2026-06-05","Add on - Customer Support and Information coverage","add-on-customer-support-and-information/add-on-customer-support-and-information-info-006-sitemap-page-opens.spec.js","",""
"","351","AUTH-002 Login page shows email and password fields","chromium","2026-06-05","passed","2026-06-05","Authentication coverage","authentication/auth-002-login-page-shows-email-and-password-fields.spec.js","",""
"","940","Add on - Wishlist and Compare - WISH-007 Compare products page opens","firefox","2026-06-05","passed","2026-06-05","Add on - Wishlist and Compare coverage","add-on-wishlist-and-compare/add-on-wishlist-and-compare-wish-007-compare-products-page-opens.spec.js","",""
"","902","ADDR-010 Shopping cart shows address step","webkit","2026-06-05","passed","2026-06-05","Address and shipping coverage","address-shipping/addr-010-shopping-cart-shows-address-step.spec.js","",""
"","446","PAY-014 Laptop product shows price information","chromium","2026-06-05","passed","2026-06-05","Checkout and payment coverage","checkout-payment/pay-014-laptop-product-shows-price-information.spec.js","",""
"","457","PAY-005 Cart page shows confirm step","chromium","2026-06-05","passed","2026-06-05","Checkout and payment coverage","checkout-payment/pay-005-cart-page-shows-confirm-step.spec.js","",""
"","661","CART-004 Cart footer link is visible","chromium","2026-06-05","passed","2026-06-05","Cart coverage","cart/cart-004-cart-footer-link-is-visible.spec.js","",""
"","1270","Add on - Customer Support and Information - INFO-011 Blog page opens","webkit","2026-06-05","passed","2026-06-05","Add on - Customer Support and Information coverage","add-on-customer-support-and-information/add-on-customer-support-and-information-info-011-blog-page-opens.spec.js","",""
"","2021","Add on - Customer Support and Information - INFO-002 Contact us page has full name field","chromium","2026-06-05","passed","2026-06-05","Add on - Customer Support and Information coverage","add-on-customer-support-and-information/add-on-customer-support-and-information-info-002-contact-us-page-has-full-name-field.spec.js","",""
"","1978","Add on - Customer Support and Information - INFO-004 Contact us page has enquiry textarea","chromium","2026-06-05","passed","2026-06-05","Add on - Customer Support and Information coverage","add-on-customer-support-and-information/add-on-customer-support-and-information-info-004-contact-us-page-has-enquiry-textarea.spec.js","",""
"","847","AUTH-015 Header exposes login and register links","firefox","2026-06-05","passed","2026-06-05","Authentication coverage","authentication/auth-015-header-exposes-login-and-register-links.spec.js","",""
"","463","USER-008 Register page shows account creation form","chromium","2026-06-05","passed","2026-06-05","User profile coverage","user-profile/user-008-register-page-shows-account-creation-form.spec.js","",""
"","469","ADDR-015 Shipping page keeps information links available","chromium","2026-06-05","passed","2026-06-05","Address and shipping coverage","address-shipping/addr-015-shipping-page-keeps-information-links-available.spec.js","",""
"","1096","AUTH-006 Password recovery page opens correctly","webkit","2026-06-05","passed","2026-06-05","Authentication coverage","authentication/auth-006-password-recovery-page-opens-correctly.spec.js","",""
"","460","PROD-001 Home page shows welcome content and featured products","chromium","2026-06-05","passed","2026-06-05","Product and search coverage","product/prod-001-home-page-shows-welcome-content-and-featured-products.spec.js","",""
"","984","AUTH-003 Login page shows login button","firefox","2026-06-05","passed","2026-06-05","Authentication coverage","authentication/auth-003-login-page-shows-login-button.spec.js","",""
"","857","Add on - Wishlist and Compare - WISH-010 Product page exposes email a friend action","firefox","2026-06-05","passed","2026-06-05","Add on - Wishlist and Compare coverage","add-on-wishlist-and-compare/add-on-wishlist-and-compare-wish-010-product-page-exposes-email-a-friend-action.spec.js","",""
"","377","AUTH-009 Register page shows gender choices","chromium","2026-06-05","passed","2026-06-05","Authentication coverage","authentication/auth-009-register-page-shows-gender-choices.spec.js","",""
"","1178","AUTH-001 Login page opens with correct title and heading","webkit","2026-06-05","passed","2026-06-05","Authentication coverage","authentication/auth-001-login-page-opens-with-correct-title-and-heading.spec.js","",""
"","605","PAY-012 Gift card product shows fixed price","chromium","2026-06-05","passed","2026-06-05","Checkout and payment coverage","checkout-payment/pay-012-gift-card-product-shows-fixed-price.spec.js","",""
"","449","Add on - Wishlist and Compare - WISH-007 Compare products page opens","chromium","2026-06-05","passed","2026-06-05","Add on - Wishlist and Compare coverage","add-on-wishlist-and-compare/add-on-wishlist-and-compare-wish-007-compare-products-page-opens.spec.js","",""
"","402","CART-014 Cart page keeps footer follow links available","chromium","2026-06-05","passed","2026-06-05","Cart coverage","cart/cart-014-cart-page-keeps-footer-follow-links-available.spec.js","",""
"","630","Add on - Wishlist and Compare - WISH-012 Email a friend form has friend email field","firefox","2026-06-05","passed","2026-06-05","Add on - Wishlist and Compare coverage","add-on-wishlist-and-compare/add-on-wishlist-and-compare-wish-012-email-a-friend-form-has-friend-email-field.spec.js","",""
"","888","USER-002 Order history page requires login for guest","firefox","2026-06-05","passed","2026-06-05","User profile coverage","user-profile/user-002-order-history-page-requires-login-for-guest.spec.js","",""
"","1822","ADDR-007 Laptop product shows in stock availability","webkit","2026-06-05","passed","2026-06-05","Address and shipping coverage","address-shipping/addr-007-laptop-product-shows-in-stock-availability.spec.js","",""
"","1177","PROD-013 Book product page shows price and shipping text","firefox","2026-06-05","passed","2026-06-05","Product and search coverage","product/prod-013-book-product-page-shows-price-and-shipping-text.spec.js","",""
"","483","USER-014 Password recovery page supports account recovery","webkit","2026-06-05","passed","2026-06-05","User profile coverage","user-profile/user-014-password-recovery-page-supports-account-recovery.spec.js","",""
"","503","PROD-011 Laptop product details are visible","chromium","2026-06-05","passed","2026-06-05","Product and search coverage","product/prod-011-laptop-product-details-are-visible.spec.js","",""
"","560","AUTH-014 Protected orders page redirects guest user to login","chromium","2026-06-05","passed","2026-06-05","Authentication coverage","authentication/auth-014-protected-orders-page-redirects-guest-user-to-login.spec.js","",""
"","1339","PAY-013 Book product shows price information","firefox","2026-06-05","passed","2026-06-05","Checkout and payment coverage","checkout-payment/pay-013-book-product-shows-price-information.spec.js","",""
"","670","PROD-004 Computers category shows subcategories","webkit","2026-06-05","passed","2026-06-05","Product and search coverage","product/prod-004-computers-category-shows-subcategories.spec.js","",""
"","769","CART-012 Cart page shows order progress steps","webkit","2026-06-05","passed","2026-06-05","Cart coverage","cart/cart-012-cart-page-shows-order-progress-steps.spec.js","",""
"","1208","Add on - Customer Support and Information - INFO-012 Footer information links are visible","webkit","2026-06-05","passed","2026-06-05","Add on - Customer Support and Information coverage","add-on-customer-support-and-information/add-on-customer-support-and-information-info-012-footer-information-links-are-visible.spec.js","",""
"","768","USER-009 Register page shows personal details fields","firefox","2026-06-05","passed","2026-06-05","User profile coverage","user-profile/user-009-register-page-shows-personal-details-fields.spec.js","",""
"","661","PAY-009 Gift card product has sender fields","firefox","2026-06-05","passed","2026-06-05","Checkout and payment coverage","checkout-payment/pay-009-gift-card-product-has-sender-fields.spec.js","",""
"","941","CART-009 Apparel product has cart controls","firefox","2026-06-05","passed","2026-06-05","Cart coverage","cart/cart-009-apparel-product-has-cart-controls.spec.js","",""
"","895","Add on - Wishlist and Compare - WISH-009 New products page opens","firefox","2026-06-05","passed","2026-06-05","Add on - Wishlist and Compare coverage","add-on-wishlist-and-compare/add-on-wishlist-and-compare-wish-009-new-products-page-opens.spec.js","",""
"","485","ADDR-006 Health book product displays delivery date","chromium","2026-06-05","passed","2026-06-05","Address and shipping coverage","address-shipping/addr-006-health-book-product-displays-delivery-date.spec.js","",""
"","602","AUTH-013 Protected account page redirects guest user to login","chromium","2026-06-05","passed","2026-06-05","Authentication coverage","authentication/auth-013-protected-account-page-redirects-guest-user-to-login.spec.js","",""
"","1174","ADDR-004 Book product displays free shipping","webkit","2026-06-05","passed","2026-06-05","Address and shipping coverage","address-shipping/addr-004-book-product-displays-free-shipping.spec.js","",""
"","1223","Add on - Wishlist and Compare - WISH-005 Computer product has compare button","firefox","2026-06-05","passed","2026-06-05","Add on - Wishlist and Compare coverage","add-on-wishlist-and-compare/add-on-wishlist-and-compare-wish-005-computer-product-has-compare-button.spec.js","",""
"","1083","CART-015 Cart page has checkout journey labels","firefox","2026-06-05","passed","2026-06-05","Cart coverage","cart/cart-015-cart-page-has-checkout-journey-labels.spec.js","",""
"","632","PAY-011 Gift card product has add to cart button","chromium","2026-06-05","passed","2026-06-05","Checkout and payment coverage","checkout-payment/pay-011-gift-card-product-has-add-to-cart-button.spec.js","",""
"","2671","Add on - Customer Support and Information - INFO-002 Contact us page has full name field","firefox","2026-06-05","passed","2026-06-05","Add on - Customer Support and Information coverage","add-on-customer-support-and-information/add-on-customer-support-and-information-info-002-contact-us-page-has-full-name-field.spec.js","",""
"","1066","AUTH-013 Protected account page redirects guest user to login","webkit","2026-06-05","passed","2026-06-05","Authentication coverage","authentication/auth-013-protected-account-page-redirects-guest-user-to-login.spec.js","",""
"","775","PROD-011 Laptop product details are visible","webkit","2026-06-05","passed","2026-06-05","Product and search coverage","product/prod-011-laptop-product-details-are-visible.spec.js","",""
"","628","PAY-011 Gift card product has add to cart button","webkit","2026-06-05","passed","2026-06-05","Checkout and payment coverage","checkout-payment/pay-011-gift-card-product-has-add-to-cart-button.spec.js","",""
"","1059","Add on - Customer Support and Information - INFO-011 Blog page opens","firefox","2026-06-05","passed","2026-06-05","Add on - Customer Support and Information coverage","add-on-customer-support-and-information/add-on-customer-support-and-information-info-011-blog-page-opens.spec.js","",""
"","780","USER-004 Login page supports returning customer section","firefox","2026-06-05","passed","2026-06-05","User profile coverage","user-profile/user-004-login-page-supports-returning-customer-section.spec.js","",""
"","694","PROD-010 Build your own computer product details are visible","webkit","2026-06-05","passed","2026-06-05","Product and search coverage","product/prod-010-build-your-own-computer-product-details-are-visible.spec.js","",""
"","936","Add on - Customer Support and Information - INFO-010 News page opens","firefox","2026-06-05","passed","2026-06-05","Add on - Customer Support and Information coverage","add-on-customer-support-and-information/add-on-customer-support-and-information-info-010-news-page-opens.spec.js","",""
"","951","Add on - Wishlist and Compare - WISH-015 Wishlist footer link is available","firefox","2026-06-05","passed","2026-06-05","Add on - Wishlist and Compare coverage","add-on-wishlist-and-compare/add-on-wishlist-and-compare-wish-015-wishlist-footer-link-is-available.spec.js","",""
"","1307","USER-004 Login page supports returning customer section","webkit","2026-06-05","passed","2026-06-05","User profile coverage","user-profile/user-004-login-page-supports-returning-customer-section.spec.js","",""
"","1143","Add on - Wishlist and Compare - WISH-011 Email a friend page opens","firefox","2026-06-05","passed","2026-06-05","Add on - Wishlist and Compare coverage","add-on-wishlist-and-compare/add-on-wishlist-and-compare-wish-011-email-a-friend-page-opens.spec.js","",""
"","1108","Add on - Customer Support and Information - INFO-010 News page opens","webkit","2026-06-05","passed","2026-06-05","Add on - Customer Support and Information coverage","add-on-customer-support-and-information/add-on-customer-support-and-information-info-010-news-page-opens.spec.js","",""
"","427","ADDR-014 Cart page has checkout progress section","chromium","2026-06-05","passed","2026-06-05","Address and shipping coverage","address-shipping/addr-014-cart-page-has-checkout-progress-section.spec.js","",""
"","638","USER-002 Order history page requires login for guest","webkit","2026-06-05","passed","2026-06-05","User profile coverage","user-profile/user-002-order-history-page-requires-login-for-guest.spec.js","",""
"","830","AUTH-009 Register page shows gender choices","firefox","2026-06-05","passed","2026-06-05","Authentication coverage","authentication/auth-009-register-page-shows-gender-choices.spec.js","",""
"","1733","Add on - Customer Support and Information - INFO-005 Contact us page has submit button","chromium","2026-06-05","passed","2026-06-05","Add on - Customer Support and Information coverage","add-on-customer-support-and-information/add-on-customer-support-and-information-info-005-contact-us-page-has-submit-button.spec.js","",""
"","1993","Add on - Customer Support and Information - INFO-003 Contact us page has email field","chromium","2026-06-05","passed","2026-06-05","Add on - Customer Support and Information coverage","add-on-customer-support-and-information/add-on-customer-support-and-information-info-003-contact-us-page-has-email-field.spec.js","",""
"","1271","ADDR-012 Footer has shipping returns link","firefox","2026-06-05","passed","2026-06-05","Address and shipping coverage","address-shipping/addr-012-footer-has-shipping-returns-link.spec.js","",""
"","488","Add on - Customer Support and Information - INFO-011 Blog page opens","chromium","2026-06-05","passed","2026-06-05","Add on - Customer Support and Information coverage","add-on-customer-support-and-information/add-on-customer-support-and-information-info-011-blog-page-opens.spec.js","",""
"","2354","Add on - Customer Support and Information - INFO-005 Contact us page has submit button","firefox","2026-06-05","passed","2026-06-05","Add on - Customer Support and Information coverage","add-on-customer-support-and-information/add-on-customer-support-and-information-info-005-contact-us-page-has-submit-button.spec.js","",""
"","353","ADDR-001 Shipping returns page opens","chromium","2026-06-05","passed","2026-06-05","Address and shipping coverage","address-shipping/addr-001-shipping-returns-page-opens.spec.js","",""
"","1242","ADDR-009 Blue jeans product shows in stock availability","firefox","2026-06-05","passed","2026-06-05","Address and shipping coverage","address-shipping/addr-009-blue-jeans-product-shows-in-stock-availability.spec.js","",""
"","533","PROD-008 Jewelry category opens with product cards","chromium","2026-06-05","passed","2026-06-05","Product and search coverage","product/prod-008-jewelry-category-opens-with-product-cards.spec.js","",""
"","754","CART-013 Cart page shows information footer links","webkit","2026-06-05","passed","2026-06-05","Cart coverage","cart/cart-013-cart-page-shows-information-footer-links.spec.js","",""
"","608","CART-011 Cart page still shows search controls","firefox","2026-06-05","passed","2026-06-05","Cart coverage","cart/cart-011-cart-page-still-shows-search-controls.spec.js","",""
"","697","PAY-002 Empty cart blocks checkout with empty cart message","firefox","2026-06-05","passed","2026-06-05","Checkout and payment coverage","checkout-payment/pay-002-empty-cart-blocks-checkout-with-empty-cart-message.spec.js","",""
"","924","ADDR-003 Guest addresses page redirects to login","firefox","2026-06-05","passed","2026-06-05","Address and shipping coverage","address-shipping/addr-003-guest-addresses-page-redirects-to-login.spec.js","",""
"","2799","Add on - Customer Support and Information - INFO-003 Contact us page has email field","webkit","2026-06-05","passed","2026-06-05","Add on - Customer Support and Information coverage","add-on-customer-support-and-information/add-on-customer-support-and-information-info-003-contact-us-page-has-email-field.spec.js","",""
"","711","USER-001 My account page requires login for guest","webkit","2026-06-05","passed","2026-06-05","User profile coverage","user-profile/user-001-my-account-page-requires-login-for-guest.spec.js","",""
"","663","Add on - Wishlist and Compare - WISH-003 Header wishlist link is visible","firefox","2026-06-05","passed","2026-06-05","Add on - Wishlist and Compare coverage","add-on-wishlist-and-compare/add-on-wishlist-and-compare-wish-003-header-wishlist-link-is-visible.spec.js","",""
"","1447","ADDR-015 Shipping page keeps information links available","firefox","2026-06-05","passed","2026-06-05","Address and shipping coverage","address-shipping/addr-015-shipping-page-keeps-information-links-available.spec.js","",""
"","1008","PROD-003 Books category shows product cards","firefox","2026-06-05","passed","2026-06-05","Product and search coverage","product/prod-003-books-category-shows-product-cards.spec.js","",""
"","1164","Add on - Wishlist and Compare - WISH-008 Recently viewed products page opens","webkit","2026-06-05","passed","2026-06-05","Add on - Wishlist and Compare coverage","add-on-wishlist-and-compare/add-on-wishlist-and-compare-wish-008-recently-viewed-products-page-opens.spec.js","",""
"","1021","AUTH-005 Login page shows registration option for new customer","webkit","2026-06-05","passed","2026-06-05","Authentication coverage","authentication/auth-005-login-page-shows-registration-option-for-new-customer.spec.js","",""
"","885","CART-013 Cart page shows information footer links","firefox","2026-06-05","passed","2026-06-05","Cart coverage","cart/cart-013-cart-page-shows-information-footer-links.spec.js","",""
"","570","ADDR-003 Guest addresses page redirects to login","chromium","2026-06-05","passed","2026-06-05","Address and shipping coverage","address-shipping/addr-003-guest-addresses-page-redirects-to-login.spec.js","",""
"","605","PROD-014 Category page has sort and page size controls","webkit","2026-06-05","passed","2026-06-05","Product and search coverage","product/prod-014-category-page-has-sort-and-page-size-controls.spec.js","",""
"","671","PAY-005 Cart page shows confirm step","webkit","2026-06-05","passed","2026-06-05","Checkout and payment coverage","checkout-payment/pay-005-cart-page-shows-confirm-step.spec.js","",""
"","364","AUTH-006 Password recovery page opens correctly","chromium","2026-06-05","passed","2026-06-05","Authentication coverage","authentication/auth-006-password-recovery-page-opens-correctly.spec.js","",""
"","1331","Add on - Customer Support and Information - INFO-008 Conditions of use page opens","webkit","2026-06-05","passed","2026-06-05","Add on - Customer Support and Information coverage","add-on-customer-support-and-information/add-on-customer-support-and-information-info-008-conditions-of-use-page-opens.spec.js","",""
"","323","CART-011 Cart page still shows search controls","chromium","2026-06-05","passed","2026-06-05","Cart coverage","cart/cart-011-cart-page-still-shows-search-controls.spec.js","",""
"","2326","Add on - Customer Support and Information - INFO-001 Contact us page opens","firefox","2026-06-05","passed","2026-06-05","Add on - Customer Support and Information coverage","add-on-customer-support-and-information/add-on-customer-support-and-information-info-001-contact-us-page-opens.spec.js","",""
"","1834","Add on - Wishlist and Compare - WISH-006 Laptop product has compare button","chromium","2026-06-05","passed","2026-06-05","Add on - Wishlist and Compare coverage","add-on-wishlist-and-compare/add-on-wishlist-and-compare-wish-006-laptop-product-has-compare-button.spec.js","",""
"","946","Add on - Wishlist and Compare - WISH-013 Email a friend form has message and send button","firefox","2026-06-05","passed","2026-06-05","Add on - Wishlist and Compare coverage","add-on-wishlist-and-compare/add-on-wishlist-and-compare-wish-013-email-a-friend-form-has-message-and-send-button.spec.js","",""
"","1078","CART-003 Header shopping cart link is visible","webkit","2026-06-05","passed","2026-06-05","Cart coverage","cart/cart-003-header-shopping-cart-link-is-visible.spec.js","",""
"","600","ADDR-007 Laptop product shows in stock availability","chromium","2026-06-05","passed","2026-06-05","Address and shipping coverage","address-shipping/addr-007-laptop-product-shows-in-stock-availability.spec.js","",""
"","480","PROD-014 Category page has sort and page size controls","chromium","2026-06-05","passed","2026-06-05","Product and search coverage","product/prod-014-category-page-has-sort-and-page-size-controls.spec.js","",""
"","502","CART-008 Gift card product has add to cart controls","chromium","2026-06-05","passed","2026-06-05","Cart coverage","cart/cart-008-gift-card-product-has-add-to-cart-controls.spec.js","",""
"","1524","Add on - Wishlist and Compare - WISH-015 Wishlist footer link is available","webkit","2026-06-05","passed","2026-06-05","Add on - Wishlist and Compare coverage","add-on-wishlist-and-compare/add-on-wishlist-and-compare-wish-015-wishlist-footer-link-is-available.spec.js","",""
"","1813","Add on - Wishlist and Compare - WISH-005 Computer product has compare button","chromium","2026-06-05","passed","2026-06-05","Add on - Wishlist and Compare coverage","add-on-wishlist-and-compare/add-on-wishlist-and-compare-wish-005-computer-product-has-compare-button.spec.js","",""
"","490","PROD-009 Gift cards category opens with products","chromium","2026-06-05","passed","2026-06-05","Product and search coverage","product/prod-009-gift-cards-category-opens-with-products.spec.js","",""
"","360","AUTH-003 Login page shows login button","chromium","2026-06-05","passed","2026-06-05","Authentication coverage","authentication/auth-003-login-page-shows-login-button.spec.js","",""
"","1079","CART-012 Cart page shows order progress steps","firefox","2026-06-05","passed","2026-06-05","Cart coverage","cart/cart-012-cart-page-shows-order-progress-steps.spec.js","",""
"","732","USER-008 Register page shows account creation form","firefox","2026-06-05","passed","2026-06-05","User profile coverage","user-profile/user-008-register-page-shows-account-creation-form.spec.js","",""
"","670","PAY-009 Gift card product has sender fields","webkit","2026-06-05","passed","2026-06-05","Checkout and payment coverage","checkout-payment/pay-009-gift-card-product-has-sender-fields.spec.js","",""
"","522","Add on - Wishlist and Compare - WISH-013 Email a friend form has message and send button","chromium","2026-06-05","passed","2026-06-05","Add on - Wishlist and Compare coverage","add-on-wishlist-and-compare/add-on-wishlist-and-compare-wish-013-email-a-friend-form-has-message-and-send-button.spec.js","",""
"","598","Add on - Customer Support and Information - INFO-015 Footer social links are visible","chromium","2026-06-05","passed","2026-06-05","Add on - Customer Support and Information coverage","add-on-customer-support-and-information/add-on-customer-support-and-information-info-015-footer-social-links-are-visible.spec.js","",""
"","691","Add on - Wishlist and Compare - WISH-004 Gift card product has wishlist button","chromium","2026-06-05","passed","2026-06-05","Add on - Wishlist and Compare coverage","add-on-wishlist-and-compare/add-on-wishlist-and-compare-wish-004-gift-card-product-has-wishlist-button.spec.js","",""
"","547","Add on - Wishlist and Compare - WISH-014 Compare products footer link is available","chromium","2026-06-05","passed","2026-06-05","Add on - Wishlist and Compare coverage","add-on-wishlist-and-compare/add-on-wishlist-and-compare-wish-014-compare-products-footer-link-is-available.spec.js","",""
"","403","AUTH-008 Register page opens correctly","chromium","2026-06-05","passed","2026-06-05","Authentication coverage","authentication/auth-008-register-page-opens-correctly.spec.js","",""
"","384","CART-002 Empty cart message is shown","chromium","2026-06-05","passed","2026-06-05","Cart coverage","cart/cart-002-empty-cart-message-is-shown.spec.js","",""
"","834","USER-008 Register page shows account creation form","webkit","2026-06-05","passed","2026-06-05","User profile coverage","user-profile/user-008-register-page-shows-account-creation-form.spec.js","",""
"","919","Add on - Wishlist and Compare - WISH-001 Wishlist page opens","webkit","2026-06-05","passed","2026-06-05","Add on - Wishlist and Compare coverage","add-on-wishlist-and-compare/add-on-wishlist-and-compare-wish-001-wishlist-page-opens.spec.js","",""
"","414","ADDR-002 Shipping returns page has customer service context","chromium","2026-06-05","passed","2026-06-05","Address and shipping coverage","address-shipping/addr-002-shipping-returns-page-has-customer-service-context.spec.js","",""
"","1612","PROD-015 Search page returns computer products","webkit","2026-06-05","passed","2026-06-05","Product and search coverage","product/prod-015-search-page-returns-computer-products.spec.js","",""
"","1072","AUTH-013 Protected account page redirects guest user to login","firefox","2026-06-05","passed","2026-06-05","Authentication coverage","authentication/auth-013-protected-account-page-redirects-guest-user-to-login.spec.js","",""
"","1217","CART-007 Computer product has add to cart controls","webkit","2026-06-05","passed","2026-06-05","Cart coverage","cart/cart-007-computer-product-has-add-to-cart-controls.spec.js","",""
"","338","AUTH-007 Password recovery page has email field and recover button","chromium","2026-06-05","passed","2026-06-05","Authentication coverage","authentication/auth-007-password-recovery-page-has-email-field-and-recover-button.spec.js","",""
"","1017","Add on - Wishlist and Compare - WISH-011 Email a friend page opens","webkit","2026-06-05","passed","2026-06-05","Add on - Wishlist and Compare coverage","add-on-wishlist-and-compare/add-on-wishlist-and-compare-wish-011-email-a-friend-page-opens.spec.js","",""
"","1278","ADDR-005 Science product displays free shipping","webkit","2026-06-05","passed","2026-06-05","Address and shipping coverage","address-shipping/addr-005-science-product-displays-free-shipping.spec.js","",""
"","931","ADDR-013 Sitemap includes shipping returns link","webkit","2026-06-05","passed","2026-06-05","Address and shipping coverage","address-shipping/addr-013-sitemap-includes-shipping-returns-link.spec.js","",""
"","1094","PAY-012 Gift card product shows fixed price","firefox","2026-06-05","passed","2026-06-05","Checkout and payment coverage","checkout-payment/pay-012-gift-card-product-shows-fixed-price.spec.js","",""
"","671","AUTH-012 Register button is available","firefox","2026-06-05","passed","2026-06-05","Authentication coverage","authentication/auth-012-register-button-is-available.spec.js","",""
"","980","USER-006 Footer exposes orders link","webkit","2026-06-05","passed","2026-06-05","User profile coverage","user-profile/user-006-footer-exposes-orders-link.spec.js","",""
"","865","ADDR-002 Shipping returns page has customer service context","firefox","2026-06-05","passed","2026-06-05","Address and shipping coverage","address-shipping/addr-002-shipping-returns-page-has-customer-service-context.spec.js","",""
"","1081","CART-014 Cart page keeps footer follow links available","firefox","2026-06-05","passed","2026-06-05","Cart coverage","cart/cart-014-cart-page-keeps-footer-follow-links-available.spec.js","",""
"","711","CART-006 Laptop product has add to cart controls","webkit","2026-06-05","passed","2026-06-05","Cart coverage","cart/cart-006-laptop-product-has-add-to-cart-controls.spec.js","",""
"","650","ADDR-004 Book product displays free shipping","chromium","2026-06-05","passed","2026-06-05","Address and shipping coverage","address-shipping/addr-004-book-product-displays-free-shipping.spec.js","",""
"","908","CART-015 Cart page has checkout journey labels","webkit","2026-06-05","passed","2026-06-05","Cart coverage","cart/cart-015-cart-page-has-checkout-journey-labels.spec.js","",""
"","518","ADDR-012 Footer has shipping returns link","chromium","2026-06-05","passed","2026-06-05","Address and shipping coverage","address-shipping/addr-012-footer-has-shipping-returns-link.spec.js","",""
"","496","CART-003 Header shopping cart link is visible","chromium","2026-06-05","passed","2026-06-05","Cart coverage","cart/cart-003-header-shopping-cart-link-is-visible.spec.js","",""
"","590","USER-002 Order history page requires login for guest","chromium","2026-06-05","passed","2026-06-05","User profile coverage","user-profile/user-002-order-history-page-requires-login-for-guest.spec.js","",""
"","1104","PAY-015 Smartphone product shows price information","firefox","2026-06-05","passed","2026-06-05","Checkout and payment coverage","checkout-payment/pay-015-smartphone-product-shows-price-information.spec.js","",""
"","991","CART-001 Empty cart page opens","firefox","2026-06-05","passed","2026-06-05","Cart coverage","cart/cart-001-empty-cart-page-opens.spec.js","",""
"","311","PAY-001 Empty cart keeps user on shopping cart page","chromium","2026-06-05","passed","2026-06-05","Checkout and payment coverage","checkout-payment/pay-001-empty-cart-keeps-user-on-shopping-cart-page.spec.js","",""
"","479","PROD-013 Book product page shows price and shipping text","chromium","2026-06-05","passed","2026-06-05","Product and search coverage","product/prod-013-book-product-page-shows-price-and-shipping-text.spec.js","",""
"","790","PROD-009 Gift cards category opens with products","firefox","2026-06-05","passed","2026-06-05","Product and search coverage","product/prod-009-gift-cards-category-opens-with-products.spec.js","",""
"","885","USER-013 Login page provides forgot password link","firefox","2026-06-05","passed","2026-06-05","User profile coverage","user-profile/user-013-login-page-provides-forgot-password-link.spec.js","",""
"","772","PROD-006 Apparel and shoes category shows products","webkit","2026-06-05","passed","2026-06-05","Product and search coverage","product/prod-006-apparel-and-shoes-category-shows-products.spec.js","",""
"","1105","USER-015 Sitemap includes account links","firefox","2026-06-05","passed","2026-06-05","User profile coverage","user-profile/user-015-sitemap-includes-account-links.spec.js","",""
"","355","Add on - Wishlist and Compare - WISH-001 Wishlist page opens","chromium","2026-06-05","passed","2026-06-05","Add on - Wishlist and Compare coverage","add-on-wishlist-and-compare/add-on-wishlist-and-compare-wish-001-wishlist-page-opens.spec.js","",""
"","949","ADDR-013 Sitemap includes shipping returns link","firefox","2026-06-05","passed","2026-06-05","Address and shipping coverage","address-shipping/addr-013-sitemap-includes-shipping-returns-link.spec.js","",""
"","995","USER-006 Footer exposes orders link","firefox","2026-06-05","passed","2026-06-05","User profile coverage","user-profile/user-006-footer-exposes-orders-link.spec.js","",""
"","399","Add on - Wishlist and Compare - WISH-011 Email a friend page opens","chromium","2026-06-05","passed","2026-06-05","Add on - Wishlist and Compare coverage","add-on-wishlist-and-compare/add-on-wishlist-and-compare-wish-011-email-a-friend-page-opens.spec.js","",""
"","1245","ADDR-005 Science product displays free shipping","chromium","2026-06-05","passed","2026-06-05","Address and shipping coverage","address-shipping/addr-005-science-product-displays-free-shipping.spec.js","",""
"","1072","USER-007 Footer exposes addresses link","firefox","2026-06-05","passed","2026-06-05","User profile coverage","user-profile/user-007-footer-exposes-addresses-link.spec.js","",""
"","2004","Add on - Customer Support and Information - INFO-001 Contact us page opens","chromium","2026-06-05","passed","2026-06-05","Add on - Customer Support and Information coverage","add-on-customer-support-and-information/add-on-customer-support-and-information-info-001-contact-us-page-opens.spec.js","",""
"","464","Add on - Wishlist and Compare - WISH-003 Header wishlist link is visible","chromium","2026-06-05","passed","2026-06-05","Add on - Wishlist and Compare coverage","add-on-wishlist-and-compare/add-on-wishlist-and-compare-wish-003-header-wishlist-link-is-visible.spec.js","",""
"","448","CART-005 Book product has add to cart controls","chromium","2026-06-05","passed","2026-06-05","Cart coverage","cart/cart-005-book-product-has-add-to-cart-controls.spec.js","",""
"","455","PAY-015 Smartphone product shows price information","chromium","2026-06-05","passed","2026-06-05","Checkout and payment coverage","checkout-payment/pay-015-smartphone-product-shows-price-information.spec.js","",""
"","1055","CART-008 Gift card product has add to cart controls","webkit","2026-06-05","passed","2026-06-05","Cart coverage","cart/cart-008-gift-card-product-has-add-to-cart-controls.spec.js","",""
"","914","CART-009 Apparel product has cart controls","webkit","2026-06-05","passed","2026-06-05","Cart coverage","cart/cart-009-apparel-product-has-cart-controls.spec.js","",""
"","3437","Add on - Customer Support and Information - INFO-001 Contact us page opens","webkit","2026-06-05","passed","2026-06-05","Add on - Customer Support and Information coverage","add-on-customer-support-and-information/add-on-customer-support-and-information-info-001-contact-us-page-opens.spec.js","",""
"","830","CART-002 Empty cart message is shown","webkit","2026-06-05","passed","2026-06-05","Cart coverage","cart/cart-002-empty-cart-message-is-shown.spec.js","",""
"","589","PROD-002 Top navigation exposes catalog categories","chromium","2026-06-05","passed","2026-06-05","Product and search coverage","product/prod-002-top-navigation-exposes-catalog-categories.spec.js","",""
"","889","Add on - Wishlist and Compare - WISH-012 Email a friend form has friend email field","webkit","2026-06-05","passed","2026-06-05","Add on - Wishlist and Compare coverage","add-on-wishlist-and-compare/add-on-wishlist-and-compare-wish-012-email-a-friend-form-has-friend-email-field.spec.js","",""
"","508","USER-006 Footer exposes orders link","chromium","2026-06-05","passed","2026-06-05","User profile coverage","user-profile/user-006-footer-exposes-orders-link.spec.js","",""
"","1209","AUTH-014 Protected orders page redirects guest user to login","firefox","2026-06-05","passed","2026-06-05","Authentication coverage","authentication/auth-014-protected-orders-page-redirects-guest-user-to-login.spec.js","",""
"","1049","PROD-010 Build your own computer product details are visible","firefox","2026-06-05","passed","2026-06-05","Product and search coverage","product/prod-010-build-your-own-computer-product-details-are-visible.spec.js","",""
"","543","USER-011 Register page shows password setup fields","webkit","2026-06-05","passed","2026-06-05","User profile coverage","user-profile/user-011-register-page-shows-password-setup-fields.spec.js","",""
"","569","PAY-004 Cart page shows payment step","webkit","2026-06-05","passed","2026-06-05","Checkout and payment coverage","checkout-payment/pay-004-cart-page-shows-payment-step.spec.js","",""
"","579","Add on - Customer Support and Information - INFO-014 Newsletter subscription controls are visible","chromium","2026-06-05","passed","2026-06-05","Add on - Customer Support and Information coverage","add-on-customer-support-and-information/add-on-customer-support-and-information-info-014-newsletter-subscription-controls-are-visible.spec.js","",""
"","1005","PROD-008 Jewelry category opens with product cards","firefox","2026-06-05","passed","2026-06-05","Product and search coverage","product/prod-008-jewelry-category-opens-with-product-cards.spec.js","",""
"","1414","Add on - Wishlist and Compare - WISH-010 Product page exposes email a friend action","webkit","2026-06-05","passed","2026-06-05","Add on - Wishlist and Compare coverage","add-on-wishlist-and-compare/add-on-wishlist-and-compare-wish-010-product-page-exposes-email-a-friend-action.spec.js","",""
"","841","CART-005 Book product has add to cart controls","webkit","2026-06-05","passed","2026-06-05","Cart coverage","cart/cart-005-book-product-has-add-to-cart-controls.spec.js","",""
"","689","PROD-008 Jewelry category opens with product cards","webkit","2026-06-05","passed","2026-06-05","Product and search coverage","product/prod-008-jewelry-category-opens-with-product-cards.spec.js","",""
"","1033","Add on - Wishlist and Compare - WISH-001 Wishlist page opens","firefox","2026-06-05","passed","2026-06-05","Add on - Wishlist and Compare coverage","add-on-wishlist-and-compare/add-on-wishlist-and-compare-wish-001-wishlist-page-opens.spec.js","",""
"","1649","ADDR-012 Footer has shipping returns link","webkit","2026-06-05","passed","2026-06-05","Address and shipping coverage","address-shipping/addr-012-footer-has-shipping-returns-link.spec.js","",""
"","745","AUTH-010 Register page shows personal detail fields","firefox","2026-06-05","passed","2026-06-05","Authentication coverage","authentication/auth-010-register-page-shows-personal-detail-fields.spec.js","",""
"","869","AUTH-007 Password recovery page has email field and recover button","webkit","2026-06-05","passed","2026-06-05","Authentication coverage","authentication/auth-007-password-recovery-page-has-email-field-and-recover-button.spec.js","",""
"","649","PAY-007 Gift card product has recipient name field","webkit","2026-06-05","passed","2026-06-05","Checkout and payment coverage","checkout-payment/pay-007-gift-card-product-has-recipient-name-field.spec.js","",""
"","1145","Add on - Customer Support and Information - INFO-007 Privacy notice page opens","webkit","2026-06-05","passed","2026-06-05","Add on - Customer Support and Information coverage","add-on-customer-support-and-information/add-on-customer-support-and-information-info-007-privacy-notice-page-opens.spec.js","",""
"","897","AUTH-002 Login page shows email and password fields","firefox","2026-06-05","passed","2026-06-05","Authentication coverage","authentication/auth-002-login-page-shows-email-and-password-fields.spec.js","",""
"","1250","PROD-005 Electronics category shows subcategories","firefox","2026-06-05","passed","2026-06-05","Product and search coverage","product/prod-005-electronics-category-shows-subcategories.spec.js","",""
"","1103","AUTH-004 Login page shows remember me and forgot password options","webkit","2026-06-05","passed","2026-06-05","Authentication coverage","authentication/auth-004-login-page-shows-remember-me-and-forgot-password-options.spec.js","",""
"","1225","Add on - Customer Support and Information - INFO-013 Footer customer service links are visible","firefox","2026-06-05","passed","2026-06-05","Add on - Customer Support and Information coverage","add-on-customer-support-and-information/add-on-customer-support-and-information-info-013-footer-customer-service-links-are-visible.spec.js","",""
"","337","Add on - Wishlist and Compare - WISH-002 Empty wishlist message is shown","chromium","2026-06-05","passed","2026-06-05","Add on - Wishlist and Compare coverage","add-on-wishlist-and-compare/add-on-wishlist-and-compare-wish-002-empty-wishlist-message-is-shown.spec.js","",""
"","1027","Add on - Wishlist and Compare - WISH-002 Empty wishlist message is shown","firefox","2026-06-05","passed","2026-06-05","Add on - Wishlist and Compare coverage","add-on-wishlist-and-compare/add-on-wishlist-and-compare-wish-002-empty-wishlist-message-is-shown.spec.js","",""
